series_id;surface;base_temperature;monday_is_day_off;tuesday_is_day_off;wednesday_is_day_off;thursday_is_day_off;friday_is_day_off;saturday_is_day_off;sunday_is_day_off
101527;x-small;low;False;False;False;False;False;True;True
102214;x-small;low;False;False;False;False;False;True;True
103177;small;low;False;False;False;False;False;True;True
103380;x-small;low;False;False;False;False;False;True;True
100852;large;low;False;False;False;False;False;True;True
100904;xx-small;low;False;False;False;False;False;True;True
101449;large;low;False;False;False;False;False;True;True
100450;x-small;low;False;False;False;False;False;True;True
100466;x-large;low;False;False;False;False;False;True;True
102606;x-large;low;False;False;False;False;False;True;True
100148;x-large;low;False;False;False;False;False;True;True
100712;x-large;low;False;False;False;False;False;True;True
100894;xx-small;low;False;False;False;False;False;True;True
101203;x-large;low;False;False;False;False;False;True;True
101926;medium;low;False;False;False;False;False;True;True
102684;xx-small;low;False;False;False;False;False;True;True
102886;x-small;low;False;False;False;False;False;True;True
101558;small;low;False;False;False;False;False;True;True
101902;medium;low;False;False;False;False;False;True;True
100548;x-large;low;False;False;False;False;False;True;True
100637;x-large;low;False;False;False;False;False;True;True
100923;x-small;low;False;False;False;False;False;True;True
101079;x-large;low;False;False;False;False;False;True;True
101226;x-large;low;False;False;False;False;False;True;True
101413;medium;low;False;False;False;False;False;True;True
101534;xx-large;low;False;False;False;False;False;True;True
101818;x-large;low;False;False;False;False;False;False;True
102093;x-small;low;False;False;False;False;False;True;True
102130;xx-small;low;False;False;False;False;False;True;True
101042;x-large;low;False;False;False;False;False;True;True
101370;xx-large;low;False;False;False;False;False;True;True
101806;x-large;low;False;False;False;False;False;True;True
101038;large;low;False;False;False;False;False;True;True
101504;x-large;low;False;False;False;False;False;True;True
103254;x-small;low;False;False;False;False;False;True;True
102030;x-large;low;False;False;False;False;False;True;True
102897;x-large;low;False;False;False;False;False;True;True
103080;large;low;False;False;False;False;False;True;True
103442;medium;low;False;False;False;False;False;True;True
100345;x-small;low;False;False;False;False;False;True;True
100658;x-small;low;False;False;False;False;False;True;True
100696;x-large;low;False;False;False;False;False;True;True
100731;xx-large;low;False;False;False;False;False;True;True
101663;x-large;low;False;False;False;False;False;True;True
101743;x-large;low;False;False;False;False;False;True;True
101794;x-small;low;False;False;False;False;False;False;False
102719;small;low;False;False;False;False;False;True;True
100646;x-small;low;False;False;False;False;False;True;True
101335;x-large;low;False;False;False;False;False;True;True
103191;x-large;low;False;False;False;False;False;True;True
100252;x-small;low;False;False;False;False;False;True;True
100843;x-small;low;False;False;False;False;False;True;True
100980;x-large;low;False;False;False;False;False;True;True
101402;large;low;False;False;False;False;False;True;True
101844;x-small;low;False;False;False;False;False;True;True
102577;medium;low;False;False;False;False;False;True;True
102763;x-large;low;False;False;False;False;False;True;True
102765;medium;low;False;False;False;False;False;True;True
103041;x-small;low;False;False;False;False;False;True;True
103078;medium;low;False;False;False;False;False;True;True
100074;x-large;low;False;False;False;False;False;True;True
101362;xx-large;low;False;False;False;False;False;True;True
101371;x-small;low;False;False;False;False;False;True;True
100540;large;low;False;False;False;False;False;True;True
100560;medium;low;False;False;False;False;False;True;True
101107;x-small;low;False;False;False;False;False;True;True
102830;x-small;low;False;False;False;False;False;True;True
103457;xx-large;low;False;False;False;False;False;False;True
103582;medium;low;False;False;False;False;False;True;True
100607;large;low;False;False;False;False;False;True;True
101792;xx-large;low;False;False;False;False;False;False;True
101961;xx-small;low;False;False;False;False;False;True;True
102168;xx-small;low;False;False;False;False;False;True;True
102180;medium;low;False;False;False;False;False;True;True
102288;medium;low;False;False;False;False;False;True;True
102609;x-large;low;False;False;False;False;False;True;True
102913;medium;low;False;False;False;False;False;True;True
103276;xx-small;low;False;False;False;False;False;True;True
103625;x-large;low;False;False;False;False;False;True;True
100020;medium;low;False;False;False;False;False;True;True
101399;small;low;False;False;False;False;False;True;True
102448;x-large;low;False;False;False;False;False;True;True
102841;x-large;low;False;False;False;False;False;True;True
103264;small;low;False;False;False;False;False;True;True
102377;xx-small;low;False;False;False;False;False;True;True
103334;x-large;low;False;False;False;False;False;True;True
101441;x-large;low;False;False;False;False;False;True;True
102690;x-large;low;False;False;False;False;False;True;True
102984;x-large;low;False;False;False;False;False;True;True
100118;x-large;low;False;False;False;False;False;True;True
102162;medium;low;False;False;False;False;False;True;True
103617;medium;low;False;False;False;False;False;True;True
101786;x-large;low;False;False;False;False;False;True;True
102171;x-small;low;False;False;False;False;False;True;True
102527;small;low;False;False;False;False;False;True;True
102530;x-large;low;False;False;False;False;False;False;True
103463;small;low;False;False;False;False;False;True;True
103627;xx-large;low;False;False;False;False;False;True;True
100958;x-small;low;False;False;False;False;False;True;True
102187;xx-large;low;False;False;False;False;False;True;True
102974;small;low;False;False;False;False;False;False;False
102989;xx-small;low;False;False;False;False;False;True;True
100200;x-large;low;False;False;False;False;False;True;True
100257;x-large;low;False;False;False;False;False;True;True
100556;x-large;low;False;False;False;False;False;True;True
100836;small;low;False;False;False;False;False;False;False
101442;xx-large;low;False;False;False;False;False;True;True
100719;small;high;False;False;False;False;False;False;False
100814;medium;low;False;False;False;False;False;True;True
100839;x-large;low;False;False;False;False;False;True;True
100874;medium;low;False;False;False;False;False;True;True
101697;x-large;low;False;False;False;False;False;True;True
102291;x-large;low;False;False;False;False;False;True;True
103364;x-small;low;False;False;False;False;False;True;True
103568;xx-small;low;False;False;False;False;False;True;True
101729;xx-large;low;True;True;True;True;True;True;True
101811;xx-small;low;False;False;False;False;False;True;True
103145;x-small;low;False;False;False;False;False;True;True
100247;medium;low;False;False;False;False;False;False;False
101611;x-large;low;False;False;False;False;False;True;True
101738;small;low;False;False;False;False;False;True;True
102237;x-large;low;False;False;False;False;False;True;True
102621;small;low;False;False;False;False;False;False;False
102899;small;low;False;False;False;False;False;True;True
103125;small;low;False;False;False;False;False;True;True
100296;large;low;False;False;False;False;False;True;True
100903;x-large;low;False;False;False;False;False;True;True
101189;x-small;low;False;False;False;False;False;True;True
102391;x-large;low;False;False;False;False;False;True;True
102691;large;low;False;False;False;False;False;True;True
103150;large;low;False;False;False;False;False;True;True
103531;medium;low;False;False;False;False;False;False;False
100692;xx-large;low;False;False;False;False;False;True;True
101544;large;low;False;False;False;False;False;True;True
102170;small;low;False;False;False;False;False;True;True
102349;x-large;low;False;False;False;False;False;True;True
100050;xx-large;low;False;False;False;False;False;True;True
101384;x-large;low;False;False;False;False;False;True;True
102532;small;low;False;False;False;False;False;True;True
102599;large;low;False;False;False;False;False;True;True
102981;x-large;low;False;False;False;False;False;True;True
103016;large;low;False;False;False;False;False;True;True
103135;x-large;low;False;False;False;False;False;True;True
100010;x-small;low;False;False;False;False;False;True;True
101569;x-large;low;False;False;False;False;False;True;True
103073;large;low;False;False;True;True;True;True;True
100170;xx-small;low;False;False;False;False;False;True;True
100497;x-large;low;False;False;False;False;False;True;True
100940;medium;low;False;False;False;False;False;True;True
102535;xx-small;low;False;False;False;False;False;True;True
103378;x-small;low;False;False;False;False;False;True;True
100242;x-small;low;False;False;False;False;False;True;True
101283;x-large;low;False;False;False;False;False;True;True
101855;x-large;low;False;False;False;False;False;True;True
102866;small;low;False;False;False;False;False;False;False
103170;x-small;low;False;False;False;False;False;True;True
100111;small;low;False;False;False;False;False;True;True
100369;small;low;False;False;False;False;False;True;True
100393;x-small;low;False;False;False;False;False;True;True
101182;x-large;low;False;False;False;False;False;True;True
101241;x-small;low;False;False;False;False;False;True;True
101879;medium;low;False;False;False;False;False;True;True
102123;x-small;low;False;False;False;False;False;True;True
102904;x-large;low;False;False;False;False;False;True;True
103076;x-large;low;False;False;False;False;False;True;True
103155;medium;low;False;False;False;False;False;True;True
100730;x-large;low;False;False;False;False;False;True;True
102101;x-large;low;False;False;False;False;False;True;True
102685;x-large;low;False;False;False;False;False;True;True
102868;x-large;low;False;False;False;False;False;True;True
103493;x-small;low;False;False;False;False;False;True;True
100085;small;low;False;False;False;False;False;True;True
100746;x-small;low;False;False;False;False;False;True;True
102943;medium;low;False;False;False;False;False;True;True
102960;xx-small;low;False;False;False;False;False;True;True
100362;x-large;low;False;False;False;False;False;True;True
101093;xx-small;low;False;False;False;False;False;True;True
101313;x-large;low;False;False;False;False;False;True;True
101428;x-large;low;False;False;False;False;False;True;True
101968;medium;low;False;False;False;False;False;False;False
102154;medium;low;False;False;False;False;False;True;True
102887;x-small;low;False;False;False;False;False;True;True
102976;large;low;False;False;False;False;False;True;True
100550;medium;low;False;False;False;False;False;True;True
101291;x-large;low;False;False;False;False;False;True;True
101530;medium;low;False;False;False;False;False;False;False
103331;x-large;low;False;False;False;False;False;True;True
103551;small;low;False;False;False;False;False;True;True
103605;large;low;False;False;False;False;False;True;True
100069;large;low;False;False;False;False;False;True;True
102010;medium;low;False;False;False;False;False;True;True
102111;x-large;low;False;False;False;False;False;True;True
102248;x-small;low;False;False;False;False;False;False;False
102354;x-large;low;False;False;False;False;False;True;True
102611;medium;low;False;False;False;False;False;True;True
102972;medium;low;False;False;False;False;False;True;True
103297;x-large;low;False;False;False;False;False;True;True
103423;x-large;low;False;False;False;False;False;True;True
103448;x-small;low;False;False;False;False;False;True;True
103379;x-large;low;False;False;False;False;False;False;False
100078;x-large;low;False;False;False;False;False;True;True
100531;x-small;low;False;False;False;False;False;False;False
101643;x-small;low;False;False;False;False;False;False;False
100486;x-large;low;False;False;False;False;False;True;True
101028;x-small;high;False;False;False;False;False;False;False
101190;xx-small;low;False;False;False;False;False;True;True
102340;x-large;low;False;False;False;False;False;True;True
102594;x-large;low;False;False;False;False;False;True;True
102674;small;low;False;False;False;False;False;False;False
103024;x-large;low;False;False;False;False;False;True;True
103525;x-small;low;False;False;False;False;False;True;True
101582;x-large;low;False;False;False;False;False;True;True
102492;x-small;low;False;False;False;False;False;True;True
100807;medium;low;False;False;False;False;False;True;True
101639;xx-large;low;False;False;False;False;False;True;True
100040;xx-large;low;False;False;False;False;False;True;True
100769;x-large;low;False;False;False;False;False;True;True
101311;xx-small;low;False;False;False;False;False;True;True
101424;x-large;low;False;False;False;False;False;True;True
102368;xx-large;low;False;False;False;False;True;True;True
102563;small;low;False;False;False;False;False;True;True
102722;x-large;low;False;False;False;False;False;True;True
102873;x-small;low;False;False;False;False;False;True;True
103510;x-small;high;False;False;False;False;False;False;False
100310;x-large;low;False;False;False;False;False;True;True
101010;xx-small;low;False;False;False;False;False;True;True
101608;x-small;low;False;False;False;False;False;True;True
102069;x-large;low;False;False;False;False;False;True;True
102157;x-small;low;False;False;False;False;False;True;True
100449;x-large;low;False;False;False;False;False;True;True
102018;x-small;low;False;False;False;False;False;False;False
102626;medium;low;False;False;False;False;False;True;True
102714;x-large;low;False;False;False;False;False;True;True
100635;small;low;False;False;False;False;False;False;False
101993;small;low;False;False;False;False;False;True;True
102356;x-large;low;False;False;False;False;False;True;True
103200;medium;low;False;False;False;False;False;True;True
100139;xx-large;low;False;False;False;False;False;True;True
101063;x-large;low;False;False;False;False;False;True;True
101076;x-small;high;False;False;False;False;False;False;False
101590;x-large;low;False;False;False;False;False;True;True
101895;x-small;low;False;False;False;False;False;True;True
102244;x-large;low;False;False;False;False;False;True;True
102564;xx-large;low;False;False;False;False;False;True;True
102839;medium;low;False;False;False;False;False;False;False
100571;small;low;False;False;False;False;False;True;True
101563;x-large;low;False;False;False;False;False;True;True
101769;large;low;False;False;False;False;False;True;True
101907;x-small;low;False;False;False;False;False;True;True
102561;medium;low;False;False;False;False;False;True;True
103030;large;low;False;False;False;False;False;True;True
101305;large;low;False;False;False;False;False;False;True
101403;medium;low;False;False;False;False;False;True;True
102597;x-large;low;False;False;False;False;False;True;True
103099;xx-small;low;False;False;False;False;False;True;True
103362;small;low;False;False;False;False;False;True;True
100176;x-large;low;False;False;False;False;False;True;True
101049;small;low;False;False;False;False;False;True;True
101053;x-small;low;False;False;False;False;False;True;True
101059;large;low;False;False;False;False;False;True;True
101948;x-small;low;False;False;False;False;False;True;True
102792;x-large;low;False;False;False;False;False;True;True
103040;x-large;low;False;False;False;False;False;True;True
100121;x-large;low;False;False;False;False;False;True;True
100504;small;low;False;False;False;False;False;True;True
101937;x-small;low;False;False;False;False;False;False;False
102795;large;low;False;False;False;False;False;True;True
103545;xx-small;low;False;False;False;False;False;True;True
100567;xx-small;low;False;False;False;False;False;True;True
100803;x-small;low;False;False;False;False;False;True;True
101083;x-small;low;False;False;False;False;False;True;True
101487;xx-small;low;False;False;False;False;False;True;True
101936;xx-large;low;False;False;False;False;False;True;True
102425;medium;low;False;False;False;False;False;False;False
103165;small;low;False;False;False;False;False;True;True
101070;x-small;low;False;False;False;False;False;False;False
101266;x-large;low;False;False;False;False;False;True;True
102478;x-small;low;False;False;False;False;False;True;True
103466;medium;low;False;False;False;False;False;True;True
100572;small;low;False;False;False;False;False;False;False
101446;large;low;False;False;False;False;False;True;True
102192;medium;low;False;False;False;False;False;True;True
103370;xx-large;low;False;False;False;False;True;True;True
103464;x-large;low;False;False;False;False;False;True;True
101302;x-small;low;False;False;False;False;False;True;True
101444;xx-small;low;False;False;False;False;False;True;True
101627;x-small;low;False;False;False;False;False;True;True
101788;x-large;low;False;False;False;False;False;True;True
102001;x-large;low;False;False;False;False;False;True;True
100788;x-small;low;False;False;False;False;False;True;True
100890;x-large;low;False;False;False;False;False;True;True
101100;x-small;low;False;False;False;False;False;True;True
102709;xx-large;low;False;False;False;False;False;True;True
102786;x-small;low;False;False;False;False;False;True;True
103266;x-large;low;False;False;False;False;False;True;True
103274;x-small;low;False;False;False;False;False;True;True
101153;small;low;False;False;False;False;False;True;True
103095;xx-large;low;False;False;False;False;False;True;True
103301;x-small;low;False;False;False;False;False;True;True
103322;medium;low;False;False;False;False;False;True;True
103430;xx-small;low;False;False;False;False;False;True;True
100377;medium;low;False;False;False;False;False;True;True
100596;small;low;False;False;False;False;False;True;True
101618;x-large;low;False;False;False;False;False;True;True
101833;x-large;low;False;False;False;False;False;True;True
102369;large;low;False;False;False;False;False;True;True
102875;medium;low;False;False;False;False;False;True;True
103320;medium;low;False;False;False;False;False;True;True
100045;xx-small;low;False;False;False;False;False;True;True
100391;small;low;False;False;False;False;False;False;False
100845;medium;low;False;False;False;False;False;True;True
101823;x-small;low;False;False;False;False;False;True;True
102194;x-large;low;False;False;False;False;False;True;True
103050;medium;low;False;False;False;False;False;True;True
100492;medium;low;False;False;False;False;False;True;True
101434;large;low;False;False;False;False;False;True;True
101708;x-large;low;False;False;False;False;False;True;True
102028;x-small;low;False;False;False;False;False;True;True
102653;x-large;low;False;False;False;False;False;True;True
100754;xx-small;low;False;False;False;False;False;True;True
102292;xx-large;low;False;False;False;False;False;True;True
102568;x-small;low;False;False;False;False;False;True;True
102664;large;low;False;False;False;False;False;True;True
102817;xx-large;low;False;False;False;False;False;True;True
102901;x-small;low;False;False;False;False;False;True;True
101060;x-large;low;False;False;False;False;False;True;True
101763;x-small;low;False;False;False;False;False;True;True
101938;small;low;False;False;False;False;False;False;False
102139;xx-small;low;False;False;False;False;False;True;True
102423;x-small;low;False;False;False;False;False;True;True
102510;large;low;False;False;False;False;False;True;True
102781;large;low;False;False;False;False;False;True;True
103116;small;low;False;False;False;False;False;False;False
103392;x-large;low;False;False;False;False;False;True;True
101041;large;low;False;False;False;False;False;True;True
101667;xx-small;low;False;False;False;False;False;True;True
101733;x-large;low;False;False;False;False;False;True;True
102141;x-large;low;False;False;False;False;False;True;True
100820;x-large;low;False;False;False;False;False;True;True
101348;x-small;low;False;False;False;False;False;True;True
101431;medium;low;False;False;False;False;False;True;True
101517;x-small;low;False;False;False;False;False;False;False
101520;xx-small;low;False;False;False;False;False;True;True
101956;small;low;False;False;False;False;False;False;False
102398;medium;low;False;False;False;False;False;True;True
103105;x-large;low;False;False;False;False;False;True;True
100350;xx-large;low;False;False;False;False;False;True;True
100354;xx-large;low;False;False;False;False;True;True;True
100501;x-large;low;False;False;False;False;False;True;True
100711;small;low;False;False;False;False;False;True;True
101690;x-small;low;False;False;False;False;False;True;True
102495;x-small;low;False;False;False;False;False;True;True
103182;x-small;low;False;False;False;False;False;True;True
100244;xx-large;low;False;False;False;False;True;True;True
100644;x-large;low;False;False;False;False;False;True;True
101180;x-large;low;False;False;False;False;False;True;True
101248;x-small;low;False;False;False;False;False;False;False
102670;medium;low;False;False;False;False;False;True;True
103357;xx-large;low;False;False;False;False;False;True;True
100979;xx-large;low;False;False;False;False;False;False;True
101477;medium;low;False;False;False;False;False;True;True
101832;x-large;low;False;False;False;False;False;True;True
102407;xx-large;low;False;False;False;False;False;True;True
101112;large;low;False;False;False;False;False;True;True
101198;x-small;low;False;False;False;False;False;True;True
100203;x-small;low;False;False;False;False;False;True;True
100976;x-small;low;False;False;False;False;False;True;True
101975;xx-small;low;False;False;False;False;False;True;True
102087;medium;low;False;False;False;False;False;True;True
103068;x-small;low;False;False;False;False;False;True;True
103600;x-small;low;False;False;False;False;False;True;True
100214;small;low;False;False;False;False;False;True;True
101278;medium;low;False;False;False;False;False;True;True
101967;x-large;low;False;False;False;False;False;True;True
102620;xx-small;low;False;False;False;False;False;True;True
103179;x-large;low;False;False;False;False;False;False;True
103336;small;low;False;False;False;False;False;True;True
101252;xx-large;low;False;False;False;False;False;True;True
102329;x-small;low;False;False;False;False;False;True;True
100208;x-large;low;False;False;False;False;False;True;True
100409;x-small;low;False;False;False;False;False;True;True
100506;small;low;False;False;False;False;False;True;True
100524;x-small;low;False;False;False;False;False;True;True
101378;xx-large;low;False;False;False;False;False;True;True
101717;x-large;low;False;False;False;False;False;True;True
102185;medium;low;False;False;False;False;False;False;False
102834;x-large;low;False;False;False;False;False;True;True
103015;large;low;False;False;False;False;False;True;True
102164;large;low;False;False;False;False;False;True;True
102806;x-large;low;False;False;False;False;False;True;True
101561;xx-large;low;False;False;False;False;True;True;True
101598;x-small;low;False;False;False;False;False;True;True
102559;x-large;low;False;False;False;False;False;True;True
102997;x-small;low;False;False;False;False;False;True;True
103158;large;low;False;False;False;False;False;True;True
101973;x-large;high;False;False;False;False;False;True;True
102571;small;low;False;False;False;False;False;True;True
103119;x-small;low;False;False;False;False;False;True;True
103396;xx-large;low;False;False;False;False;False;True;True
102064;x-small;low;False;False;False;False;False;True;True
102467;xx-small;low;False;False;False;False;False;True;True
103351;medium;low;False;False;False;False;False;True;True
103607;small;low;False;False;False;False;False;True;True
100649;x-large;low;False;False;False;False;False;True;True
101027;x-large;low;False;False;False;False;False;True;True
101125;xx-small;low;False;False;False;False;False;True;True
101892;x-small;low;False;False;False;False;False;True;True
102885;xx-small;low;False;False;False;False;False;True;True
103530;xx-large;low;False;False;False;False;False;True;True
103583;x-small;low;False;False;False;False;False;True;True
101414;x-small;low;False;False;False;False;False;True;True
101866;x-small;low;False;False;False;False;False;True;True
101969;small;low;False;False;False;False;False;True;True
103176;large;low;False;False;False;False;False;True;True
103408;large;low;False;False;False;False;False;True;True
103455;x-small;low;False;False;False;False;False;True;True
100235;x-small;low;False;False;False;False;False;True;True
100616;x-small;low;False;False;False;False;False;True;True
101995;small;low;False;False;False;False;False;True;True
102435;medium;low;False;False;False;False;False;True;True
103437;small;low;False;False;False;False;False;True;True
100271;xx-small;low;False;False;False;False;False;False;False
100291;medium;low;False;False;False;False;False;True;True
100740;x-small;low;False;False;False;False;False;True;True
101490;xx-large;low;False;False;False;False;False;True;True
102161;medium;low;False;False;False;False;False;True;True
103208;x-large;low;False;False;False;False;False;True;True
102289;medium;low;False;False;False;False;False;True;True
102879;small;low;False;False;False;False;False;True;True
103261;x-large;low;False;False;False;False;False;True;True
100615;xx-small;low;False;False;False;False;False;True;True
100738;x-small;low;False;False;False;False;False;True;True
100922;xx-small;low;False;False;False;False;False;True;True
101970;medium;low;False;False;False;False;False;True;True
102055;large;low;False;False;False;False;False;True;True
101249;x-small;low;False;False;False;False;False;True;False
101284;x-small;low;False;False;False;False;False;True;True
102728;large;low;False;False;False;False;False;True;True
100794;small;high;False;False;False;False;False;False;False
101214;xx-small;low;False;False;False;False;False;True;True
102630;small;low;False;False;False;False;False;True;True
103159;small;low;False;False;False;False;False;True;True
100164;x-large;high;False;False;False;False;False;True;True
100854;x-large;low;False;False;False;False;False;True;True
102422;xx-large;low;False;False;False;False;False;True;True
103152;medium;low;False;False;False;False;False;True;True
100822;xx-small;high;False;False;False;False;False;False;False
103438;small;low;False;False;False;False;False;True;True
103615;x-small;low;False;False;False;False;False;True;True
100584;x-large;low;False;False;False;False;False;True;True
100737;x-large;low;False;False;False;False;False;True;True
101119;large;low;False;False;False;False;False;True;True
101450;xx-small;low;False;False;False;False;False;True;True
101644;xx-small;high;False;False;False;False;False;False;False
102053;large;low;False;False;False;False;False;True;True
102252;large;low;False;False;False;False;False;True;True
102336;x-small;low;False;False;False;False;False;True;True
100590;xx-small;low;False;False;False;False;False;True;True
100865;x-small;low;False;False;False;False;False;True;True
101407;xx-large;high;False;False;False;False;False;True;True
101480;x-large;low;False;False;False;False;False;True;True
101873;small;low;False;False;False;False;False;True;True
100761;small;low;False;False;False;False;False;True;True
100827;x-large;low;False;False;False;False;False;False;True
100847;x-small;low;False;False;False;False;False;True;True
101225;xx-small;low;False;False;False;False;False;True;True
101514;small;low;False;False;False;False;False;False;False
102829;small;low;False;False;False;False;False;False;False
103271;small;low;False;False;False;False;False;True;True
103342;large;low;False;False;False;False;False;True;True
101447;xx-large;low;False;False;False;False;False;True;True
101671;x-large;low;False;False;False;False;False;True;True
102176;x-large;low;False;False;False;False;False;True;True
102474;medium;low;False;False;False;False;False;True;True
103082;medium;low;False;False;False;False;False;False;False
100735;x-large;low;False;False;False;False;False;True;True
100866;xx-large;low;False;False;False;False;True;True;True
102693;medium;low;False;False;False;False;False;True;True
102957;x-small;low;False;False;False;False;False;True;True
103594;xx-small;low;False;False;False;False;False;True;True
100137;x-large;low;False;False;False;False;False;True;True
100632;x-small;low;False;False;False;False;False;True;True
101342;x-large;low;False;False;False;False;False;True;True
102118;large;low;False;False;False;False;False;True;True
102514;x-large;low;False;False;False;False;False;False;True
103366;xx-large;low;False;False;False;False;False;True;True
101084;x-large;low;False;False;False;False;False;True;True
101521;small;low;False;False;False;False;False;False;False
101954;xx-large;low;False;False;False;False;False;True;True
102220;large;low;False;False;False;False;False;True;True
102321;x-small;low;False;False;False;False;False;True;True
102365;small;low;False;False;False;False;False;True;True
102963;x-large;low;False;False;False;False;False;True;True
103412;x-large;low;False;False;False;False;False;True;True
100431;x-large;low;False;False;False;False;False;True;True
100841;x-large;low;False;False;False;False;False;True;True
101405;xx-large;low;False;False;False;False;False;True;True
101422;large;low;False;False;False;False;False;True;True
101698;x-small;low;False;False;False;False;False;True;True
101757;x-small;low;False;False;False;False;False;True;True
103062;xx-large;high;False;False;False;False;False;True;True
103227;xx-small;low;False;False;False;False;False;True;True
103278;small;low;False;False;False;False;False;False;False
103432;x-small;low;False;False;False;False;False;True;True
100150;small;low;False;False;False;False;False;True;True
100152;x-large;low;False;False;False;False;False;True;True
100389;small;low;False;False;False;False;False;True;True
101095;x-large;low;False;False;False;False;False;True;True
101261;x-small;high;False;False;False;False;False;False;False
101610;xx-large;low;False;False;False;False;False;True;True
102760;xx-large;low;False;False;False;False;False;True;True
100611;x-large;low;False;False;False;False;False;True;True
103174;x-large;low;False;False;False;False;False;True;True
102357;x-large;low;False;False;False;False;False;True;True
103560;large;low;False;False;False;False;False;False;False
103578;x-large;low;False;False;False;False;False;True;True
100246;small;low;False;False;False;False;False;True;True
101710;x-large;low;False;False;False;False;False;True;True
101919;medium;low;False;False;False;False;False;True;True
102660;large;low;False;False;False;False;False;True;True
103292;xx-large;high;False;False;False;False;False;True;True
101149;xx-small;low;False;False;False;False;False;True;True
102013;x-small;low;False;False;False;False;False;True;True
102231;small;low;False;False;False;False;False;True;True
103359;xx-large;low;False;False;False;False;False;True;True
100027;x-small;low;False;False;False;False;False;True;True
100038;x-small;low;False;False;False;False;False;True;True
102263;medium;low;False;False;False;False;False;False;False
102326;x-large;low;False;False;False;False;False;True;True
102459;xx-large;high;False;False;False;False;False;True;True
103056;xx-large;low;False;False;False;False;False;True;True
103300;x-small;low;False;False;False;False;False;True;True
101427;medium;low;False;False;False;False;False;True;True
102925;medium;low;False;False;False;False;False;True;True
103595;medium;low;False;False;False;False;False;True;True
100672;x-small;low;False;False;False;False;False;False;False
102137;x-large;low;False;False;False;False;False;True;True
103007;xx-small;low;False;False;False;False;False;True;True
103092;large;low;False;False;False;False;False;True;True
102785;x-small;low;False;False;False;False;False;True;True
103094;x-small;low;False;False;False;False;False;True;True
100633;x-large;low;False;False;False;False;False;True;True
102212;xx-small;low;False;False;False;False;False;True;True
100419;x-large;low;False;False;False;False;False;True;True
100626;x-small;low;False;False;False;False;False;True;True
102042;x-large;low;False;False;False;False;False;True;True
102654;x-large;low;False;False;False;False;False;False;False
100256;x-large;low;False;False;False;False;False;True;True
100981;xx-small;low;False;False;False;False;False;True;True
101483;x-small;low;False;False;False;False;False;True;True
100181;small;low;False;False;False;False;False;True;True
100240;xx-large;low;False;False;False;False;False;True;True
100366;x-small;low;False;False;False;False;False;False;False
103167;x-large;low;False;False;False;False;False;True;True
101177;x-large;low;False;False;False;False;False;True;True
101240;x-large;low;False;False;False;False;False;True;True
101389;small;low;False;False;False;False;False;True;True
101420;x-large;low;False;False;False;False;False;True;True
101890;xx-large;low;False;False;False;False;False;True;True
103446;xx-small;low;False;False;False;False;False;True;True
100277;x-large;low;False;False;False;False;False;True;True
100867;medium;low;False;False;False;False;False;True;True
102600;medium;low;False;False;False;False;False;True;True
102788;x-small;low;False;False;False;False;False;True;True
103626;x-large;low;False;False;False;False;False;True;True
100204;small;low;False;False;False;False;False;True;True
100388;medium;low;False;False;False;False;False;True;True
100570;x-small;low;False;False;False;False;False;True;True
100578;xx-large;low;False;False;False;False;False;True;True
101144;medium;low;False;False;False;False;False;True;True
101358;large;low;False;False;False;False;False;True;True
100534;xx-small;low;False;False;False;False;False;True;True
100599;xx-small;low;False;False;False;False;False;True;True
100952;small;low;False;False;False;False;False;True;True
101075;x-large;low;False;False;False;False;False;False;True
101801;x-small;low;False;False;False;False;False;True;True
101852;x-large;low;False;False;False;False;False;True;True
102226;x-small;low;False;False;False;False;False;True;True
102442;medium;low;False;False;False;False;False;True;True
102680;xx-small;high;False;False;False;False;False;False;False
100593;x-small;low;False;False;False;False;False;True;True
100655;xx-small;low;False;False;False;False;False;True;True
100667;x-large;low;False;False;False;False;False;True;True
102738;xx-small;high;False;False;False;False;False;False;False
103235;large;low;False;False;False;False;False;True;True
103310;x-small;low;False;False;False;False;False;True;True
100447;x-large;low;False;False;False;False;False;True;True
100485;medium;low;False;False;False;False;False;True;True
100639;small;low;False;False;False;False;False;True;True
100721;xx-large;low;False;False;False;False;False;True;True
100850;x-small;low;False;False;False;False;False;True;True
101903;x-large;low;False;False;False;False;False;True;True
102198;x-large;low;False;False;False;False;False;True;True
102698;small;low;False;False;False;False;False;True;True
102920;x-large;low;False;False;False;False;False;True;True
103349;x-small;low;False;False;False;False;False;True;True
100308;medium;low;False;False;False;False;False;True;True
100887;x-large;low;False;False;False;False;False;True;True
101289;x-small;low;False;False;False;False;False;True;True
102268;x-small;low;False;False;False;False;False;True;False
102385;small;low;False;False;False;False;False;False;False
103190;medium;low;False;False;False;False;False;True;True
100815;xx-small;low;False;False;False;False;False;True;True
101088;x-small;low;False;False;False;False;False;False;False
101324;medium;low;False;False;False;False;False;True;True
103186;xx-small;low;False;False;False;False;False;True;True
100088;small;low;False;False;False;False;False;True;True
101492;x-large;low;False;False;False;False;False;True;True
102625;large;low;False;False;False;False;False;True;True
103556;xx-large;high;False;False;False;False;False;True;True
100685;x-large;low;False;False;False;False;False;True;True
100758;x-large;low;False;False;False;False;False;True;True
100765;medium;low;False;False;False;False;False;True;True
101071;xx-large;high;False;False;False;False;False;True;True
102215;x-large;low;False;False;False;False;False;True;True
102240;small;low;False;False;False;False;False;True;True
100665;x-small;low;False;False;False;False;False;True;True
101267;xx-small;low;False;False;False;False;False;True;True
102261;large;low;False;False;False;False;False;True;True
102431;small;low;False;False;False;False;False;False;False
102634;x-large;low;False;False;False;False;False;True;True
102958;large;low;False;False;False;False;False;True;True
102743;xx-small;low;False;False;False;False;False;True;True
102936;x-large;low;False;False;False;False;False;True;True
100043;x-small;low;False;False;False;False;False;True;True
101234;x-large;low;False;False;False;False;False;True;True
101750;x-large;low;False;False;False;False;False;True;True
101820;medium;low;False;False;False;False;False;True;True
101115;xx-small;low;False;False;False;False;False;True;True
101141;xx-small;low;False;False;False;False;False;True;True
102009;medium;low;False;False;False;False;False;True;True
102135;x-small;low;False;False;False;False;False;True;True
102197;x-large;low;False;False;False;False;False;True;True
102870;medium;low;False;False;False;False;False;True;True
102966;x-large;low;False;False;False;False;False;True;True
103305;medium;low;False;False;False;False;False;True;True
103445;medium;low;False;False;False;False;False;True;True
103489;small;low;False;False;False;False;False;True;True
103527;x-small;low;False;False;False;False;False;True;True
102471;x-small;low;False;False;False;False;False;True;True
102472;medium;low;False;False;False;False;False;True;True
102956;x-large;low;False;False;False;False;False;True;True
103504;xx-small;low;False;False;False;False;False;True;True
100128;small;low;False;False;False;False;False;True;True
100604;small;low;False;False;False;False;False;False;False
100744;medium;low;False;False;False;False;False;False;False
101018;x-large;low;False;False;False;False;False;True;True
101856;x-large;low;False;False;False;False;False;True;True
102011;small;low;False;False;False;False;False;True;True
102266;x-large;low;False;False;False;False;False;True;True
100147;x-large;low;False;False;False;False;False;True;True
100237;medium;low;False;False;False;False;False;True;True
100668;small;low;False;False;False;False;False;True;True
100004;x-large;low;False;False;False;False;False;True;True
102364;x-large;low;False;False;False;False;False;True;True
100025;x-small;low;False;False;False;False;False;True;True
100062;xx-large;high;False;False;False;False;False;True;True
100289;x-small;low;False;False;False;False;False;True;True
101736;large;low;False;False;False;False;False;True;True
101778;xx-large;low;False;False;False;False;False;True;True
101819;xx-small;low;False;False;False;False;False;True;True
101848;medium;low;False;False;False;False;False;True;True
102512;small;low;False;False;False;False;False;True;True
101246;xx-large;low;False;False;False;False;False;True;True
102465;small;low;False;False;False;False;False;True;True
102917;x-small;low;False;False;False;False;False;True;True
102975;large;low;False;False;False;False;False;False;False
103128;medium;low;False;False;False;False;False;True;True
103434;x-small;low;False;False;False;False;False;True;True
103467;x-large;low;False;False;False;False;False;True;True
100425;medium;low;False;False;False;False;False;True;True
101052;large;low;False;False;False;False;False;True;True
101410;xx-large;low;False;False;False;False;False;True;True
101751;x-large;low;False;False;False;False;False;True;True
101841;x-large;low;False;False;False;False;False;True;True
102191;small;low;False;False;False;False;False;True;True
102979;x-large;low;False;False;False;False;False;True;True
103131;x-small;low;False;False;False;False;False;True;True
100012;x-large;low;False;False;False;False;False;True;True
101340;medium;low;False;False;False;False;False;True;True
101433;xx-large;low;False;False;False;False;False;True;True
101765;medium;low;False;False;False;False;False;True;True
101815;x-small;low;False;False;False;False;False;True;True
101884;x-small;low;False;False;False;False;False;True;True
102382;x-large;low;False;False;False;False;False;True;True
102479;x-large;low;False;False;False;False;False;True;True
103061;large;low;False;False;False;False;False;True;True
103205;x-small;low;False;False;False;False;False;True;True
101091;xx-large;low;False;False;False;False;False;True;True
101355;x-small;low;False;False;False;False;False;True;True
102043;large;low;False;False;False;False;False;True;True
102196;x-large;low;False;False;False;False;False;True;True
102311;x-small;low;False;False;False;False;False;True;True
102677;x-large;low;False;False;False;False;False;False;False
103478;medium;low;False;False;False;False;False;True;True
100167;x-small;low;False;False;False;False;False;True;True
101085;x-large;low;False;False;False;False;False;True;True
103224;small;low;False;False;False;False;False;True;True
100679;x-large;high;False;False;False;False;False;True;True
102648;x-small;low;False;False;False;False;False;True;True
103139;xx-large;low;False;False;False;False;False;True;True
100306;large;low;False;False;False;False;False;True;True
100454;large;low;False;False;False;False;False;False;True
101385;x-large;low;False;False;False;False;False;True;True
102017;xx-large;low;False;False;False;False;False;True;True
102280;x-small;low;False;False;False;False;False;True;True
102362;x-small;low;False;False;False;False;False;True;True
102697;xx-small;low;False;False;False;False;False;True;True
102822;x-small;low;False;False;False;False;False;True;True
102987;x-large;low;False;False;False;False;False;True;True
102996;x-large;low;False;False;False;False;False;True;True
100634;large;low;False;False;False;False;False;True;True
101822;x-small;low;False;False;False;False;False;True;True
101939;x-small;low;False;False;False;False;False;True;True
103328;x-large;low;False;False;False;False;False;True;True
100494;small;low;False;False;False;False;False;True;True
101456;x-large;low;False;False;False;False;False;True;True
101957;large;low;False;False;False;False;False;False;False
102718;large;low;False;False;False;False;False;True;True
103282;x-small;low;False;False;False;False;False;True;True
100060;x-small;low;False;False;False;False;False;True;True
100811;x-large;low;False;False;False;False;False;True;True
102445;x-large;low;False;False;False;False;False;True;True
101001;x-large;low;False;False;False;False;False;True;True
101488;xx-small;low;False;False;False;False;False;True;True
102128;xx-small;low;False;False;False;False;False;True;True
102647;xx-large;high;False;False;False;False;False;True;True
102669;x-small;low;False;False;False;False;False;True;True
103107;medium;low;False;False;False;False;False;True;True
103108;x-large;low;False;False;False;False;False;True;True
100564;medium;low;False;False;False;False;False;True;True
101136;x-large;low;False;False;False;False;False;True;True
102387;small;low;False;False;False;False;False;False;False
102441;xx-large;low;False;False;False;False;False;True;True
100006;x-small;low;False;False;False;False;False;True;True
100094;x-large;low;False;False;False;False;False;True;True
100099;large;low;False;False;False;False;False;True;True
100245;large;low;False;False;False;False;False;True;True
100285;xx-small;low;False;False;False;False;False;True;True
101715;small;low;False;False;False;False;False;True;True
102800;x-large;low;False;False;False;False;False;False;False
102993;x-large;low;False;False;False;False;False;True;True
103397;x-large;low;False;False;False;False;False;False;True
101421;x-small;low;False;False;False;False;False;True;True
102487;small;low;False;False;False;False;False;False;False
100287;small;low;False;False;False;False;False;True;True
101471;x-large;low;False;False;False;False;False;True;True
101660;x-small;low;False;False;False;False;False;True;True
101899;medium;low;False;False;False;False;False;True;True
102103;xx-large;low;False;False;False;False;False;True;True
103100;x-small;low;False;False;False;False;False;True;True
103611;medium;low;False;False;False;False;False;True;True
102649;medium;low;False;False;False;False;False;False;False
102884;small;low;False;False;False;False;False;True;True
100080;large;low;False;False;False;False;False;True;True
100491;x-large;low;False;False;False;False;False;True;True
100882;x-large;low;False;False;False;False;False;True;True
100997;xx-small;low;False;False;False;False;False;True;True
100175;x-small;high;False;False;False;False;False;False;False
100717;xx-small;low;False;False;False;False;False;True;True
101004;x-small;low;False;False;False;False;False;True;True
102424;x-small;low;False;False;False;False;False;True;True
102949;x-small;low;False;False;False;False;False;True;False
103498;x-small;low;False;False;False;False;False;True;True
103541;x-large;low;False;False;False;False;False;True;True
101002;x-small;low;False;False;False;False;False;True;True
101205;x-small;low;False;False;False;False;False;True;True
101602;small;low;False;False;False;False;False;True;True
102090;x-large;low;False;False;False;False;False;True;True
102216;medium;low;False;False;False;False;False;False;False
102687;medium;low;False;False;False;False;False;True;True
101443;xx-large;low;False;False;False;False;False;False;True
102163;medium;low;False;False;False;False;False;True;True
102239;x-small;low;False;False;False;False;False;True;True
103570;large;low;False;False;False;False;False;False;False
100582;x-small;low;False;False;False;False;False;True;True
100835;x-small;low;False;False;False;False;False;True;True
100905;x-small;low;False;False;False;False;False;True;True
100933;x-small;low;False;False;False;False;False;True;True
102274;x-small;low;False;False;False;False;False;True;True
102837;x-small;low;False;False;False;False;False;False;False
103252;large;low;False;False;False;False;False;True;True
103523;small;low;False;False;False;False;False;True;True
103561;small;low;False;False;False;False;False;False;False
102193;xx-large;low;False;False;False;False;False;True;True
103505;x-small;low;False;False;False;False;False;True;True
101023;x-large;low;False;False;False;False;False;True;True
101374;x-large;low;False;False;False;False;False;True;True
101846;medium;low;False;False;False;False;False;True;True
102489;medium;low;False;False;False;False;False;True;True
103049;small;low;False;False;False;False;False;True;True
103537;medium;low;False;False;False;False;False;True;True
100503;xx-large;low;False;False;False;False;False;True;True
101047;x-small;low;False;False;False;False;False;True;True
101437;x-small;low;False;False;False;False;False;True;True
101464;x-large;low;False;False;False;False;False;True;True
101896;medium;low;False;False;False;False;False;False;False
102367;x-small;low;False;False;False;False;False;True;True
102533;small;low;False;False;False;False;False;True;True
103244;x-small;low;False;False;False;False;False;True;True
100290;xx-large;low;False;False;False;False;False;True;True
100755;x-large;low;False;False;False;False;False;True;True
101110;large;low;False;False;False;False;False;True;True
101716;xx-small;low;False;False;False;False;False;True;True
102149;x-small;low;False;False;False;False;False;True;True
102281;x-large;low;False;False;False;False;False;True;True
103065;x-small;low;False;False;False;False;False;True;True
100514;x-small;low;False;False;False;False;False;False;False
100544;xx-large;low;False;False;False;False;False;True;True
100830;x-large;low;False;False;False;False;False;True;True
101613;x-large;low;False;False;False;False;False;True;True
102094;xx-small;low;False;False;False;False;False;True;True
102379;xx-small;low;False;False;False;False;False;True;True
102515;xx-small;low;False;False;False;False;False;True;True
103075;medium;low;False;False;False;False;False;True;True
100363;xx-small;low;False;False;False;False;False;True;True
100488;xx-large;low;False;False;False;False;False;True;True
101722;x-small;low;False;False;False;False;False;True;True
102287;medium;low;False;False;False;False;False;True;True
102582;x-large;low;False;False;False;False;False;True;True
102898;x-large;low;False;False;False;False;False;True;True
103249;x-small;low;False;False;False;False;False;True;True
103599;x-small;low;False;False;False;False;False;True;True
100028;x-small;low;False;False;False;False;False;True;True
100973;x-large;low;False;False;False;False;False;True;True
102558;xx-small;low;False;False;False;False;False;True;True
100096;medium;low;False;False;False;False;False;True;True
100433;medium;low;False;False;False;False;False;True;True
100974;x-small;low;False;False;False;False;False;True;True
101050;medium;low;False;False;False;False;False;True;True
102372;xx-small;low;False;False;False;False;False;True;True
101747;large;low;False;False;True;True;True;True;True
102015;x-small;low;False;False;False;False;False;True;True
102521;xx-large;low;False;False;False;False;False;True;True
100543;large;low;False;False;False;False;False;True;True
100781;small;low;False;False;False;False;False;True;True
101183;x-large;low;False;False;False;False;False;True;True
101295;x-small;low;False;False;False;False;False;True;True
101540;x-small;low;False;False;False;False;False;True;True
102771;x-small;low;False;False;False;False;False;True;True
103042;small;low;False;False;False;False;False;True;True
103161;medium;low;False;False;False;False;False;True;True
103500;large;low;False;False;False;False;False;True;True
100360;x-large;low;False;False;False;False;False;True;True
100554;x-large;low;False;False;False;False;False;True;True
100808;large;low;False;False;False;False;False;True;True
102490;x-small;low;False;False;False;False;False;True;True
100463;x-small;low;False;False;False;False;False;False;False
100913;xx-large;low;False;False;False;False;False;True;True
101592;large;low;False;False;False;False;False;True;True
102374;large;low;False;False;False;False;False;True;True
102838;xx-large;low;False;False;False;False;False;True;True
103528;x-large;low;False;False;False;False;False;True;True
100044;x-large;low;False;False;False;False;False;True;True
100581;xx-small;low;False;False;False;False;False;True;True
101439;xx-small;low;False;False;False;False;False;True;True
102439;xx-small;high;False;False;False;False;False;False;False
102505;x-large;low;False;False;False;False;False;True;True
103346;x-large;low;False;False;False;False;False;True;True
100351;x-large;low;False;False;False;False;False;True;True
100477;x-small;low;False;False;False;False;False;True;True
100530;medium;low;False;False;False;False;False;True;True
101894;x-large;low;False;False;False;False;False;True;True
101929;x-large;low;False;False;False;False;False;True;True
102658;x-small;low;False;False;False;False;False;True;True
103086;medium;low;False;False;False;False;False;False;False
103166;xx-small;low;False;False;False;False;False;True;True
103596;large;low;False;False;False;False;False;True;True
100295;small;high;False;False;False;False;False;False;False
100673;xx-small;low;False;False;False;False;False;True;True
101128;medium;low;False;False;False;False;False;True;True
102153;medium;low;False;False;False;False;False;True;True
102721;xx-small;low;False;False;False;False;False;True;True
103037;xx-small;low;False;False;False;False;False;True;True
100726;large;low;False;False;False;False;False;True;True
102341;x-large;low;False;False;False;False;False;True;True
103315;x-small;low;False;False;False;False;False;True;True
100729;medium;low;False;False;False;False;False;True;True
101361;x-small;low;False;False;False;False;False;True;True
101482;medium;low;False;False;False;False;False;True;True
102223;xx-small;low;False;False;False;False;False;True;True
103312;x-large;low;False;False;False;False;False;True;True
103319;x-small;low;False;False;False;False;False;True;True
100110;x-small;low;False;False;False;False;False;True;True
101211;xx-small;low;False;False;False;False;False;True;True
102003;medium;low;False;False;False;False;False;True;True
103219;large;low;False;False;False;False;False;True;True
103281;x-large;low;False;False;False;False;False;True;True
100265;x-large;low;False;False;False;False;False;True;True
101045;x-large;low;False;False;False;False;False;True;True
101781;x-large;high;False;False;False;False;False;True;True
103251;x-small;low;False;False;False;False;False;True;True
103263;x-large;low;False;False;False;False;False;True;True
103536;medium;low;False;False;False;False;False;True;True
100054;large;low;False;False;False;False;False;True;True
100764;x-large;low;False;False;False;False;False;True;True
101032;xx-small;low;False;False;False;False;False;True;True
101581;x-large;low;False;False;False;False;False;True;True
100229;small;low;False;False;False;False;False;True;True
100932;xx-small;low;False;False;False;False;False;True;True
101276;large;low;False;False;False;False;False;True;True
103132;x-large;low;False;False;False;False;False;True;True
103201;x-large;low;False;False;False;False;False;True;True
103503;xx-small;low;False;False;False;False;False;True;True
100205;xx-large;low;False;False;False;False;False;True;True
100799;x-large;low;False;False;False;False;False;True;True
100937;x-large;low;False;False;False;False;False;True;True
102008;x-large;low;False;False;False;False;False;True;True
102345;x-large;low;False;False;False;False;False;True;True
102877;xx-large;low;False;False;False;False;False;True;True
103356;xx-small;low;False;False;False;False;False;True;True
103544;x-large;low;False;False;False;False;False;True;True
101850;x-large;low;False;False;False;False;False;True;True
102270;medium;low;False;False;False;False;False;True;True
102556;xx-large;low;True;True;True;True;True;True;True
102988;small;low;False;False;False;False;False;True;True
103012;x-large;low;False;False;False;False;False;True;True
100323;large;low;False;False;False;False;False;True;True
100902;small;low;False;False;False;False;False;True;True
102285;small;low;False;False;False;False;False;True;True
102607;xx-small;low;False;False;False;False;False;True;True
100402;x-large;low;False;False;False;False;False;True;True
100793;x-small;low;False;False;False;False;False;False;False
101118;x-small;low;False;False;False;False;False;True;True
101132;small;low;False;False;False;False;False;False;False
101373;x-small;low;False;False;False;False;False;True;True
101656;x-small;low;False;False;False;False;False;True;True
101901;xx-small;low;False;False;False;False;False;True;True
101904;x-small;low;False;False;False;False;False;True;True
102331;xx-large;low;False;False;False;False;True;True;True
102746;x-small;low;False;False;False;False;False;True;True
103298;x-large;low;False;False;False;False;False;True;True
103621;x-small;low;False;False;False;False;False;True;True
101354;small;low;False;False;False;False;False;True;True
101454;x-small;low;False;False;False;False;False;True;True
101881;x-small;low;False;False;False;False;False;True;True
101998;x-large;high;False;False;False;False;False;True;True
100849;xx-small;low;False;False;False;False;False;True;True
101121;x-large;low;False;False;False;False;False;True;True
102536;xx-large;low;False;False;False;False;False;True;True
100053;xx-large;low;False;False;False;False;False;True;True
100311;large;low;False;False;False;False;False;True;True
101259;medium;low;False;False;False;False;False;True;True
101982;x-small;low;False;False;False;False;False;True;True
102878;medium;low;False;False;False;False;False;False;False
103064;xx-large;low;False;False;False;False;False;True;True
103149;medium;low;False;False;False;False;False;True;True
103189;x-large;low;False;False;False;False;False;True;True
103220;small;low;False;False;False;False;False;True;True
103345;x-large;low;False;False;False;False;False;True;True
100305;xx-small;low;False;False;False;False;False;True;True
100318;x-large;low;False;False;False;False;False;True;True
100432;x-large;low;False;False;False;False;False;True;True
100806;xx-small;low;False;False;False;False;False;True;True
101057;x-large;low;False;False;False;False;False;True;True
102918;medium;low;False;False;False;False;False;True;True
100579;x-large;low;False;False;False;False;False;True;True
101470;xx-small;low;False;False;False;False;False;True;True
102905;x-small;low;False;False;False;False;False;True;True
103111;medium;low;False;False;False;False;False;True;True
103585;x-small;low;False;False;False;False;False;True;True
100309;medium;low;False;False;False;False;False;True;True
100698;x-large;low;False;False;False;False;False;True;True
102047;medium;low;False;False;False;False;False;True;True
102112;x-small;low;False;False;False;False;False;True;True
100399;medium;low;False;False;False;False;False;True;True
100410;medium;low;False;False;False;False;False;True;True
100517;x-large;low;False;False;False;False;False;True;True
101281;x-large;low;False;False;False;False;False;True;True
103299;x-large;low;False;False;False;False;False;True;True
100575;medium;low;False;False;False;False;False;True;True
101486;large;low;False;False;False;False;False;True;True
102538;x-large;low;False;False;False;False;False;True;True
101322;x-small;low;False;False;False;False;False;True;True
102172;xx-large;low;False;False;False;False;False;True;True
102645;x-large;low;False;False;False;False;False;True;True
103436;large;low;False;False;False;False;False;True;True
100033;x-small;low;False;False;False;False;False;True;True
100280;xx-small;low;False;False;False;False;False;True;True
101104;xx-small;low;False;False;False;False;False;True;True
101392;large;low;False;False;False;False;False;True;True
101869;x-large;low;False;False;False;False;False;True;True
101942;large;low;False;False;False;False;False;True;True
102951;xx-small;low;False;False;False;False;False;True;True
100082;x-small;low;False;False;False;False;False;False;False
100142;x-large;low;False;False;False;False;False;True;True
100893;x-small;low;False;False;False;False;False;True;True
101024;medium;low;False;False;False;False;False;True;True
101411;x-small;low;False;False;False;False;False;True;True
101513;xx-large;low;False;False;False;False;False;True;True
102640;x-large;low;False;False;False;False;False;False;False
100003;x-large;low;False;False;False;False;False;True;True
101510;small;low;False;False;False;False;False;False;False
101672;x-large;low;False;False;False;False;False;True;True
103634;x-large;low;False;False;False;False;False;True;True
100198;x-small;low;False;False;False;False;False;True;True
101321;x-small;low;False;False;False;False;False;True;True
103034;x-small;low;False;False;False;False;False;False;False
103246;x-large;low;False;False;False;False;False;True;True
100507;xx-small;low;False;False;False;False;False;True;True
101150;small;low;False;False;False;False;False;True;True
101176;medium;low;False;False;False;False;False;True;True
101357;xx-small;low;False;False;False;False;False;True;True
102968;x-small;low;False;False;False;False;False;True;True
100605;x-small;low;False;False;False;False;False;True;True
100889;x-small;low;False;False;False;False;False;True;True
101044;small;low;False;False;False;False;False;False;False
101497;x-large;low;False;False;False;False;False;True;True
101791;medium;low;False;False;False;False;False;True;True
102146;small;low;False;False;False;False;False;False;False
102825;small;low;False;False;False;False;False;True;True
102962;x-large;low;False;False;False;False;False;True;True
103461;x-large;low;False;False;False;False;False;True;True
100046;xx-small;low;False;False;False;False;False;False;False
100619;medium;low;False;False;False;False;False;True;True
100860;xx-small;low;False;False;False;False;False;True;True
101065;x-large;low;False;False;False;False;False;True;True
101101;x-large;low;False;False;False;False;False;True;True
101318;x-small;low;False;False;False;False;False;True;True
102937;xx-small;low;False;False;False;False;False;True;True
100313;x-small;low;False;False;False;False;False;True;True
100376;x-large;low;False;False;False;False;False;True;True
100998;small;low;False;False;False;False;False;True;True
101455;x-large;low;False;False;False;False;False;True;True
101947;medium;low;False;False;False;False;False;True;True
100732;x-small;low;False;False;False;False;False;True;True
101275;x-large;low;False;False;False;False;False;True;True
102864;xx-small;low;False;False;False;False;False;True;True
100342;small;low;False;False;False;False;False;True;True
100652;x-large;low;False;False;False;False;False;True;True
101468;x-small;low;False;False;False;False;False;True;True
103188;xx-large;low;False;False;False;False;False;True;True
103628;medium;low;False;False;False;False;False;True;True
100472;x-large;low;False;False;False;False;False;True;True
101111;large;low;False;False;False;False;False;True;True
101577;x-large;low;False;False;False;False;False;True;True
101637;x-large;low;False;False;False;False;False;True;True
101681;x-large;low;False;False;False;False;False;True;True
103324;xx-small;high;False;False;False;False;False;False;False
100715;small;low;False;False;False;False;False;True;True
101008;x-small;low;False;False;False;False;False;True;True
101169;x-large;low;False;False;False;False;False;True;True
101885;medium;low;False;False;False;False;False;True;True
102040;x-small;low;False;False;False;False;False;True;True
102662;x-large;low;False;False;False;False;False;True;True
100809;x-small;low;False;False;False;False;False;True;True
102229;x-small;low;False;False;False;False;False;True;True
102421;small;low;False;False;False;False;False;True;True
101808;xx-small;low;False;False;False;False;False;True;True
101935;xx-small;low;False;False;False;False;False;True;True
101988;x-small;low;False;False;False;False;False;True;True
102245;x-small;low;False;False;False;False;False;True;True
103245;xx-large;low;False;False;False;False;False;True;True
100288;x-small;low;False;False;False;False;False;True;True
100008;x-small;low;False;False;False;False;False;True;True
100594;x-small;low;False;False;False;False;False;True;True
101193;x-small;low;False;False;False;False;False;True;True
101972;xx-small;low;False;False;False;False;False;True;True
101980;large;low;False;False;False;False;False;True;True
102700;small;high;False;False;False;False;False;False;False
103411;xx-small;low;False;False;False;False;False;True;True
103567;xx-small;low;False;False;False;False;False;True;True
101516;x-small;low;False;False;False;False;False;True;True
102218;x-small;low;False;False;False;False;False;True;True
102969;large;low;False;False;False;False;False;True;True
103026;x-small;low;False;False;False;False;False;True;False
100036;large;low;False;False;False;False;False;True;True
100566;x-large;low;False;False;False;False;False;True;True
101745;x-small;low;False;False;False;False;False;True;True
101764;medium;low;False;False;False;False;False;False;False
102254;x-large;high;False;False;False;False;False;True;True
102394;x-small;low;False;False;False;False;False;True;True
102805;x-small;low;False;False;False;False;False;True;True
103033;large;low;False;False;False;False;False;True;True
101159;large;low;False;False;False;False;False;True;True
102036;x-large;low;False;False;False;False;False;True;True
103098;x-large;low;False;False;False;False;False;True;True
100775;x-large;low;False;False;False;False;False;True;True
101003;medium;low;False;False;False;False;False;True;True
101037;medium;low;False;False;False;False;False;True;True
101325;x-large;low;False;False;False;False;False;False;False
102384;xx-small;low;False;False;False;False;False;True;True
102992;x-large;low;False;False;False;False;False;True;True
103175;small;low;False;False;False;False;False;True;True
100684;x-small;low;False;False;False;False;False;True;True
100901;x-small;low;False;False;False;False;False;True;True
101987;x-large;low;False;False;False;False;False;True;True
103088;x-small;low;False;False;False;False;False;True;True
100532;xx-small;low;False;False;False;False;False;True;True
101184;small;low;False;False;False;False;False;True;True
101874;xx-large;low;False;False;False;False;False;True;True
103035;medium;low;False;False;False;False;False;True;True
103048;x-small;low;False;False;False;False;False;True;True
103307;xx-large;low;False;False;False;False;True;True;True
100071;x-small;low;False;False;False;False;False;True;True
100338;medium;low;False;False;False;False;False;True;True
100654;xx-small;high;False;False;False;False;False;False;False
101796;small;low;False;False;False;False;False;True;True
102549;x-large;low;False;False;False;False;False;True;True
102554;x-large;low;False;False;False;False;False;True;True
103428;x-small;low;False;False;False;False;False;True;True
103633;x-large;low;False;False;False;False;False;True;True
101533;small;low;False;False;False;False;False;True;True
102892;x-small;low;False;False;False;False;False;True;True
103492;xx-large;low;True;True;True;True;True;True;True
100380;large;low;False;False;True;True;True;True;True
102453;medium;low;False;False;False;False;False;True;True
103424;xx-small;low;False;False;False;False;False;True;True
103425;xx-large;low;False;False;False;False;False;True;True
100374;x-large;low;False;False;False;False;False;True;True
100708;x-small;low;False;False;False;False;False;True;True
102080;xx-small;low;False;False;False;False;False;True;True
102127;medium;low;False;False;False;False;False;True;True
102751;x-small;low;False;False;False;False;False;True;True
102857;x-large;low;False;False;False;False;False;True;True
103114;x-small;low;False;False;False;False;False;True;True
103465;x-large;low;False;False;False;False;False;True;True
103475;medium;low;False;False;False;False;False;True;True
100202;x-large;low;False;False;False;False;False;True;True
100563;xx-large;low;False;False;False;False;False;True;True
101329;medium;low;False;False;False;False;False;True;True
102253;x-large;low;False;False;False;False;False;True;True
103140;x-large;low;False;False;False;False;False;True;True
103439;x-small;low;False;False;False;False;False;True;True
102952;xx-small;low;False;False;False;False;False;True;True
100638;x-large;low;False;False;False;False;False;True;True
101467;x-large;low;False;False;False;False;False;True;True
101964;medium;low;False;False;False;False;False;True;True
102143;x-small;high;False;False;False;False;False;False;False
102167;x-small;low;False;False;False;False;False;True;True
102178;x-large;low;False;False;False;False;False;True;True
103368;xx-small;low;False;False;False;False;False;True;True
100049;x-small;low;False;False;False;False;False;True;True
100146;small;low;False;False;False;False;False;True;True
100191;x-large;low;False;False;False;False;False;True;True
100805;xx-large;low;False;False;False;False;True;True;True
100810;x-small;low;False;False;False;False;False;True;True
101409;medium;low;False;False;False;False;False;True;True
101498;xx-small;low;False;False;False;False;False;True;True
101924;xx-small;low;False;False;False;False;False;True;True
102668;x-small;low;False;False;False;False;False;True;True
103363;large;low;False;False;False;False;False;True;True
103601;x-large;low;False;False;False;False;False;True;True
100421;medium;low;False;False;False;False;False;True;True
102440;x-large;low;False;False;False;False;False;True;True
102711;x-small;low;False;False;False;False;False;True;True
103502;xx-small;low;False;False;False;False;False;True;True
101040;xx-small;low;False;False;False;False;False;True;True
102499;x-small;low;False;False;False;False;False;True;True
100090;small;low;False;False;False;False;False;True;True
100189;large;low;False;False;False;False;False;True;True
100990;x-large;low;False;False;False;False;False;True;True
102412;xx-small;low;False;False;False;False;False;True;True
103373;xx-large;low;False;False;False;False;False;False;True
100336;x-large;low;False;False;False;False;False;True;True
100525;x-small;low;False;False;False;False;False;True;True
101676;xx-small;low;False;False;False;False;False;True;True
101985;x-small;low;False;False;False;False;False;False;False
102573;x-small;low;False;False;False;False;False;True;True
100335;x-large;low;False;False;False;False;False;True;True
100416;xx-small;low;False;False;False;False;False;True;True
101338;x-large;low;False;False;False;False;False;False;True
101877;x-small;low;False;False;False;False;False;True;True
101974;xx-small;low;False;False;False;False;False;True;True
102360;xx-small;low;False;False;False;False;False;True;True
102519;medium;low;False;False;False;False;False;True;True
100304;x-large;low;False;False;False;False;False;True;True
100537;large;low;False;False;False;False;False;True;True
100705;medium;low;False;False;False;False;False;True;True
100946;large;low;False;False;False;False;False;True;True
101623;small;low;False;False;False;False;False;True;True
102470;x-small;low;False;False;False;False;False;True;False
100135;small;low;False;False;False;False;False;False;False
100512;x-large;low;False;False;False;False;False;True;True
100798;x-small;low;False;False;False;False;False;True;True
100924;x-large;low;False;False;False;False;False;False;False
101594;xx-large;low;False;False;False;False;False;True;True
102136;x-large;low;False;False;False;False;False;True;True
103277;medium;low;False;False;False;False;False;True;True
103393;xx-large;low;False;False;False;False;False;True;True
100876;xx-small;low;False;False;False;False;False;True;True
101030;x-small;low;False;False;False;False;False;True;True
101959;large;low;False;False;False;False;False;True;True
102332;medium;low;False;False;False;False;False;True;True
102486;large;low;False;False;False;False;False;True;True
103321;x-large;low;False;False;False;False;False;True;True
101129;medium;low;False;False;False;False;False;True;True
102000;x-small;low;False;False;False;False;False;True;True
102255;x-small;low;False;False;False;False;False;True;True
100297;x-large;low;False;False;False;False;False;True;True
101523;xx-small;low;False;False;False;False;False;True;True
101760;large;low;False;False;False;False;False;True;True
102560;x-large;low;False;False;False;False;False;True;True
102581;x-large;low;False;False;False;False;False;True;True
102890;x-small;low;False;False;False;False;False;True;True
103164;xx-large;low;False;False;False;False;False;True;True
103267;medium;low;False;False;False;False;False;True;True
100017;medium;low;False;False;False;False;False;True;True
101208;medium;low;False;False;False;False;False;True;True
103608;xx-small;low;False;False;False;False;False;True;True
100513;x-small;low;False;False;False;False;False;True;True
100709;large;low;False;False;False;False;False;True;True
100978;medium;low;False;False;False;False;False;True;True
101633;x-small;low;False;False;False;False;False;True;True
101978;medium;low;False;False;False;False;False;True;True
102056;small;low;False;False;False;False;False;False;False
102247;small;low;False;False;False;False;False;True;True
102414;xx-small;low;False;False;False;False;False;True;True
102430;x-large;low;False;False;False;False;False;True;True
103477;x-large;low;False;False;False;False;False;True;True
103619;xx-small;low;False;False;False;False;False;True;True
100325;small;low;False;False;False;False;False;True;True
100489;x-large;low;False;False;False;False;False;True;True
100618;xx-small;high;False;False;False;False;False;False;False
101301;large;low;False;False;False;False;False;True;True
102493;large;low;False;False;False;False;False;True;True
103450;small;low;False;False;False;False;False;True;True
100522;x-large;low;False;False;False;False;False;True;True
100859;x-small;low;False;False;False;False;False;False;False
100925;small;low;False;False;False;False;False;True;True
103365;xx-large;low;False;False;False;False;False;True;True
101353;small;low;False;False;False;False;False;True;True
102022;xx-small;low;False;False;False;False;False;True;True
100872;xx-small;low;False;False;False;False;False;True;True
101693;x-large;low;False;False;False;False;False;True;True
102546;x-large;low;False;False;False;False;False;True;True
102699;x-large;low;False;False;False;False;False;True;True
103236;x-large;low;False;False;False;False;False;True;True
102177;small;low;False;False;False;False;False;True;True
102333;large;low;False;False;False;False;False;True;True
102752;x-small;low;False;False;False;False;False;True;True
102903;x-small;low;False;False;False;False;False;True;True
103391;x-small;low;False;False;False;False;False;True;True
102910;xx-small;low;False;False;False;False;False;True;True
103486;x-large;low;False;False;False;False;False;True;True
100747;x-small;low;False;False;False;False;False;False;False
102428;large;low;False;False;False;False;False;True;True
100064;x-small;low;False;False;False;False;False;True;True
100888;xx-large;low;False;False;False;False;False;True;True
101046;medium;low;False;False;False;False;False;True;True
100373;x-small;low;False;False;False;False;False;True;True
100716;x-large;low;False;False;False;False;False;False;True
101465;x-small;low;False;False;False;False;False;True;True
101812;x-large;low;False;False;False;False;False;True;True
101840;xx-large;low;False;False;False;False;False;True;True
101596;x-large;low;False;False;False;False;False;False;True
101994;small;low;False;False;False;False;False;True;True
102019;small;low;False;False;False;False;False;False;False
102497;medium;low;False;False;False;False;False;True;True
102603;x-large;low;False;False;False;False;False;True;True
102882;x-large;low;False;False;False;False;False;True;True
101777;x-small;low;False;False;False;False;False;True;True
101178;large;low;False;False;False;False;False;True;True
101328;medium;low;False;False;False;False;False;True;True
102286;x-large;low;False;False;False;False;False;False;False
102314;x-large;low;False;False;False;False;False;True;True
102796;x-small;low;False;False;False;False;False;True;True
100149;xx-large;low;False;False;False;False;False;True;True
100283;x-small;low;False;False;False;False;False;True;True
100749;xx-large;low;False;False;False;False;False;True;True
101503;x-small;low;False;False;False;False;False;True;True
102308;x-small;low;False;False;False;False;False;True;True
103326;x-small;low;False;False;False;False;False;True;True
103343;small;low;False;False;False;False;False;True;True
100072;medium;low;False;False;False;False;False;False;True
100216;x-large;low;False;False;False;False;False;True;True
100272;xx-small;low;False;False;False;False;False;True;True
100490;xx-small;low;False;False;False;False;False;True;True
101795;medium;low;False;False;False;False;False;False;False
102696;small;low;False;False;False;False;False;True;True
103417;small;low;False;False;False;False;False;True;True
103496;large;low;False;False;False;False;False;True;True
101518;x-small;low;False;False;False;False;False;True;True
101537;medium;low;False;False;False;False;False;True;True
101694;x-small;low;False;False;False;False;False;True;True
101950;xx-small;low;False;False;False;False;False;True;True
102081;xx-small;low;False;False;False;False;False;True;True
103215;x-large;low;False;False;False;False;False;True;True
103449;x-large;low;False;False;False;False;False;True;True
103454;small;low;False;False;False;False;False;True;True
100182;x-small;low;False;False;False;False;False;True;True
101746;x-small;low;False;False;False;False;False;True;True
101749;small;low;False;False;False;False;False;True;True
102091;large;low;False;False;False;False;False;True;True
102671;xx-large;low;False;False;False;False;False;True;True
103268;x-large;low;False;False;False;False;False;True;True
103499;xx-large;low;True;True;True;True;True;True;True
102099;medium;low;False;False;False;False;False;True;True
101556;xx-small;low;False;False;False;False;False;True;True
101661;x-large;low;False;False;False;False;False;True;True
101931;x-large;low;False;False;False;False;False;True;True
102504;x-large;low;False;False;False;False;False;False;True
100427;x-large;low;False;False;False;False;False;True;True
102639;x-large;low;False;False;False;False;False;True;True
103214;x-large;low;False;False;False;False;False;True;True
100274;xx-large;low;False;False;False;False;False;True;True
100398;small;low;False;False;False;False;False;True;True
101499;x-small;low;False;False;False;False;False;True;True
101612;xx-small;high;False;False;False;False;False;False;False
102325;x-large;low;False;False;False;False;False;True;True
102948;small;low;False;False;False;False;False;True;True
103120;medium;low;False;False;False;False;False;True;True
103302;x-large;low;False;False;False;False;False;True;True
100401;x-large;low;False;False;False;False;False;True;True
101187;x-small;low;False;False;False;False;False;True;True
102618;x-large;low;False;False;False;False;False;True;True
102695;small;low;False;False;False;False;False;True;True
100948;x-large;low;False;False;False;False;False;False;True
101161;x-small;low;False;False;False;False;False;True;True
101550;x-small;low;False;False;False;False;False;False;False
101849;large;low;False;False;False;False;False;True;True
102363;x-large;low;False;False;False;False;False;True;True
103052;small;low;False;False;False;False;False;True;True
103338;xx-large;low;False;False;False;False;False;True;True
103476;x-small;low;False;False;False;False;False;True;True
103577;x-large;low;False;False;False;False;False;True;True
100819;small;low;False;False;False;False;False;True;True
101247;medium;low;False;False;False;False;False;True;True
100243;x-large;low;False;False;False;False;False;True;True
101017;xx-small;low;False;False;False;False;False;True;True
101317;x-large;low;False;False;False;False;False;True;True
102012;large;low;False;False;False;False;False;True;True
102126;x-small;low;False;False;False;False;False;True;True
102642;x-large;low;False;False;False;False;False;True;True
102772;x-large;low;False;False;False;False;False;True;True
100104;x-large;low;False;False;False;False;False;True;True
100987;xx-large;high;False;False;False;False;False;True;True
101210;x-small;low;False;False;False;False;False;True;True
103539;x-large;low;False;False;False;False;False;True;True
100358;xx-small;low;False;False;False;False;False;True;True
100777;x-large;low;False;False;False;False;False;True;True
101013;medium;low;False;False;False;False;False;False;False
101457;x-large;low;False;False;False;False;False;False;True
101989;x-small;low;False;False;False;False;False;True;True
102078;medium;low;False;False;False;False;False;True;True
102279;x-small;low;False;False;False;False;False;True;True
103597;small;low;False;False;False;False;False;True;True
100995;x-small;low;False;False;False;False;False;True;True
101784;large;low;False;False;False;False;False;True;True
101854;xx-small;low;False;False;False;False;False;True;True
101918;x-large;low;False;False;False;False;False;True;True
102627;xx-small;low;False;False;False;False;False;True;True
103180;x-small;low;False;False;False;False;False;True;True
103332;x-large;low;False;False;False;False;False;True;True
103517;x-large;low;False;False;False;False;False;True;True
100021;x-small;low;False;False;False;False;False;True;True
100481;medium;low;False;False;False;False;False;True;True
100801;xx-small;low;False;False;False;False;False;True;True
101174;x-small;low;False;False;False;False;False;True;True
101591;x-large;low;False;False;False;False;False;True;True
102202;medium;low;False;False;False;False;False;True;True
102264;x-large;low;False;False;False;False;False;True;True
102588;xx-small;low;False;False;False;False;False;True;True
102641;x-small;low;False;False;False;False;False;True;True
103047;small;low;False;False;False;False;False;False;False
103058;x-large;low;False;False;False;False;False;True;True
103385;x-large;low;False;False;False;False;False;True;True
103629;x-small;low;False;False;False;False;False;True;True
100753;small;low;False;False;False;False;False;True;True
100840;xx-small;low;False;False;False;False;False;True;True
100927;x-small;low;False;False;False;False;False;True;True
101664;x-small;low;False;False;False;False;False;True;True
100365;medium;low;False;False;False;False;False;True;True
101064;x-small;low;False;False;False;False;False;True;True
101316;large;low;False;False;False;False;False;True;True
101793;x-large;low;False;False;False;False;False;True;True
101860;x-large;low;False;False;False;False;False;True;True
102145;large;low;False;False;False;False;False;True;True
102924;x-large;low;False;False;False;False;False;True;True
102999;x-small;low;False;False;False;False;False;False;False
100733;small;low;False;False;False;False;False;True;True
101218;xx-small;low;False;False;False;False;False;True;True
101459;xx-large;low;False;False;False;False;True;True;True
101878;x-large;low;False;False;False;False;False;True;True
102160;x-small;low;False;False;False;False;False;True;True
102373;x-small;low;False;False;False;False;False;True;True
102406;x-large;low;False;False;False;False;False;True;True
102652;x-small;low;False;False;False;False;False;True;True
103218;small;high;False;False;False;False;False;False;False
103501;x-large;low;False;False;False;False;False;True;True
101719;xx-large;low;False;False;False;False;False;True;True
102449;x-small;low;False;False;False;False;False;True;True
103184;small;low;False;False;False;False;False;True;True
